<?xml version="1.0" encoding="UTF-8"?>
<project-private xmlns="http://www.netbeans.org/ns/project-private/1">
    <editor-bookmarks xmlns="http://www.netbeans.org/ns/editor-bookmarks/2" lastBookmarkId="0"/>
    <open-files xmlns="http://www.netbeans.org/ns/projectui-open-files/2">
        <group>
            <file>file:/C:/Users/José%20de%20Assis/Documents/NetBeansProjects/prjinfoX/src/br/com/infox/model/ModuloConexao.java</file>
            <file>file:/C:/Users/José%20de%20Assis/Documents/NetBeansProjects/prjinfoX/src/br/com/infox/view/TelaSobre.java</file>
            <file>file:/C:/Users/José%20de%20Assis/Documents/NetBeansProjects/prjinfoX/src/br/com/infox/view/TelaCliente.java</file>
            <file>file:/C:/Users/José%20de%20Assis/Documents/NetBeansProjects/prjinfoX/src/br/com/infox/view/TelaLogin.java</file>
            <file>file:/C:/Users/José%20de%20Assis/Documents/NetBeansProjects/prjinfoX/src/br/com/infox/view/TelaPrincipal.java</file>
            <file>file:/C:/Users/José%20de%20Assis/Documents/NetBeansProjects/prjinfoX/src/br/com/infox/view/TelaOS.java</file>
            <file>file:/C:/Users/José%20de%20Assis/Documents/NetBeansProjects/prjinfoX/src/br/com/infox/view/TelaUsuario.java</file>
        </group>
    </open-files>
</project-private>
